name,email,phone
User0001,ucgafh@example.com,+8801435756168
User0002,sekhly@example.com,+8801349925544
User0003,mkdluj@example.com,+8801685956089
User0004,tuimzc@example.com,+8801377631993
User0005,hhbkek@example.com,+8801456460572
User0006,uvhfxr@example.com,+8801385222874
User0007,tzqzsb@example.com,+8801576841471
User0008,utewjn@example.com,+8801824996051
User0009,budmmj@example.com,+8801513294050
User0010,jufbis@example.com,+8801685694031
User0011,aldzjs@example.com,+8801587887342
User0012,xpxjoy@example.com,+8801736372673
User0013,ooavyu@example.com,+8801748976038
User0014,shpbcs@example.com,+8801617561744
User0015,pkcvus@example.com,+8801731763368
User0016,pbpsvg@example.com,+8801525733112
User0017,zhmloy@example.com,+8801461533770
User0018,maprvf@example.com,+8801740072109
User0019,lpvnba@example.com,+8801767060697
User0020,dzegxd@example.com,+8801433944096
User0021,hapvih@example.com,+8801734488557
User0022,ztkttf@example.com,+8801666911313
User0023,mzgyyj@example.com,+8801370535173
User0024,uqaodv@example.com,+8801649505148
User0025,jbxwsg@example.com,+8801787958231
User0026,hltqnj@example.com,+8801458436295
User0027,dqleih@example.com,+8801471211255
User0028,pbcqth@example.com,+8801383381175
User0029,rtiaxj@example.com,+8801785574484
User0030,eelhbt@example.com,+8801823087080
User0031,xklubu@example.com,+8801857820430
User0032,kdtjkr@example.com,+8801630742458
User0033,leaves@example.com,+8801615762902
User0034,acklnn@example.com,+8801616552127
User0035,rxowjt@example.com,+8801448749137
User0036,kznfef@example.com,+8801512376149
User0037,hxlndp@example.com,+8801431342973
User0038,ovldja@example.com,+8801844996359
User0039,mbifcs@example.com,+8801740274118
User0040,nqamnj@example.com,+8801661337146
User0041,vogqid@example.com,+8801325189901
User0042,wnxhoe@example.com,+8801367380060
User0043,fshufh@example.com,+8801552831851
User0044,wrwuod@example.com,+8801739690504
User0045,qqxjzm@example.com,+8801412580282
User0046,jdicln@example.com,+8801547539378
User0047,xiczvh@example.com,+8801796645767
User0048,wqcdao@example.com,+8801378526159
User0049,suvyzn@example.com,+8801692469790
User0050,qdrtur@example.com,+8801614954507
User0051,lbdrrv@example.com,+8801876805086
User0052,qsvmdp@example.com,+8801722144192
User0053,axklmd@example.com,+8801391081917
User0054,ttpreo@example.com,+8801596995476
User0055,zdgpcz@example.com,+8801551281837
User0056,klvbxc@example.com,+8801553442328
User0057,obwffd@example.com,+8801441780594
User0058,anabin@example.com,+8801570800887
User0059,fakvhc@example.com,+8801749629468
User0060,frysip@example.com,+8801810832061
User0061,sifnoi@example.com,+8801580616249
User0062,cqyrio@example.com,+8801694527630
User0063,rjwtfu@example.com,+8801764951545
User0064,irvdlk@example.com,+8801678927424
User0065,bioxkq@example.com,+8801726298235
User0066,ehkxqs@example.com,+8801426653337
User0067,vcvrfo@example.com,+8801317341382
User0068,jzjhla@example.com,+8801811311126
User0069,pplgzr@example.com,+8801737344105
User0070,xyjnuh@example.com,+8801325650123
User0071,fdppxv@example.com,+8801352638711
User0072,jrxciz@example.com,+8801731499542
User0073,syjshk@example.com,+8801540576832
User0074,kvjoqr@example.com,+8801464485778
User0075,zwpfri@example.com,+8801476365454
User0076,qrhtrc@example.com,+8801778333017
User0077,vygdlf@example.com,+8801460765249
User0078,gbcebl@example.com,+8801464266574
User0079,utvlpn@example.com,+8801510555114
User0080,fckyjq@example.com,+8801389211455
User0081,prpapl@example.com,+8801583148950
User0082,uiznql@example.com,+8801518891687
User0083,nktbsc@example.com,+8801655394894
User0084,dcwwer@example.com,+8801736572739
User0085,wyichu@example.com,+8801721593181
User0086,rftstt@example.com,+8801830526302
User0087,ufavnm@example.com,+8801721556154
User0088,xvwmxe@example.com,+8801618206429
User0089,dystrx@example.com,+8801862234796
User0090,kwsixi@example.com,+8801394427321
User0091,xvqmft@example.com,+8801597960898
User0092,gnsgpq@example.com,+8801844281687
User0093,oitnma@example.com,+8801782876680
User0094,wejwuu@example.com,+8801735066839
User0095,uhwqmv@example.com,+8801652586009
User0096,plkrsa@example.com,+8801830632866
User0097,tcnlrb@example.com,+8801870267062
User0098,xqvyce@example.com,+8801615484150
User0099,qcpwaf@example.com,+8801364220625
User0100,gyusgc@example.com,+8801455282727
User0101,fhiuqe@example.com,+8801751900752
User0102,eqeplh@example.com,+8801895896870
User0103,rxjsus@example.com,+8801436236048
User0104,fikhkd@example.com,+8801579830970
User0105,tudgpk@example.com,+8801591352063
User0106,npenyj@example.com,+8801687937839
User0107,mqulsq@example.com,+8801318968617
User0108,xzjxns@example.com,+8801384426985
User0109,csvqsv@example.com,+8801612470690
User0110,gkfrsv@example.com,+8801399979585
User0111,okjffm@example.com,+8801487321974
User0112,obwdha@example.com,+8801648154653
User0113,tffrfx@example.com,+8801785027499
User0114,kawbhz@example.com,+8801841704148
User0115,bwwduc@example.com,+8801435641642
User0116,qeusgb@example.com,+8801349617522
User0117,lvohzy@example.com,+8801763732749
User0118,yormgf@example.com,+8801631064586
User0119,vxtvgg@example.com,+8801469775663
User0120,wqisxr@example.com,+8801748745639
User0121,yzjryc@example.com,+8801766264809
User0122,hljxjq@example.com,+8801686340219
User0123,dqxfaq@example.com,+8801657049962
User0124,texmxh@example.com,+8801469192049
User0125,bihcgv@example.com,+8801316407506
User0126,lsjshg@example.com,+8801819382541
User0127,mjcbiz@example.com,+8801845858193
User0128,paduzv@example.com,+8801837763981
User0129,iotdyb@example.com,+8801551707612
User0130,gusinl@example.com,+8801323955532
User0131,nqngru@example.com,+8801635218629
User0132,ftwnph@example.com,+8801480153818
User0133,jnexkg@example.com,+8801350835729
User0134,ivmjhc@example.com,+8801376578465
User0135,qwjdkr@example.com,+8801746337258
User0136,bgpruf@example.com,+8801484491839
User0137,jlvyyk@example.com,+8801671282139
User0138,fshokj@example.com,+8801588213080
User0139,mynssj@example.com,+8801691220364
User0140,ppkicb@example.com,+8801775635213
User0141,wvknue@example.com,+8801421665760
User0142,niikpw@example.com,+8801733513186
User0143,xogprt@example.com,+8801414049171
User0144,skcnip@example.com,+8801617088704
User0145,lganec@example.com,+8801521962545
User0146,rpwcxt@example.com,+8801357702848
User0147,fcdxpx@example.com,+8801758416289
User0148,obsegc@example.com,+8801728207332
User0149,onaruz@example.com,+8801866329663
User0150,nrdfsm@example.com,+8801413058616
User0151,ocxwie@example.com,+8801370050906
User0152,rsczje@example.com,+8801881346252
User0153,xkrcxk@example.com,+8801457473037
User0154,uusuaz@example.com,+8801568703888
User0155,dtsynr@example.com,+8801865321912
User0156,chvwio@example.com,+8801719174829
User0157,eplnsm@example.com,+8801388926528
User0158,knlork@example.com,+8801793768120
User0159,hahrvp@example.com,+8801739540672
User0160,pcsfuy@example.com,+8801570004998
User0161,wfpsor@example.com,+8801388048704
User0162,oeamto@example.com,+8801428140966
User0163,ziccep@example.com,+8801772899989
User0164,hzqrxu@example.com,+8801333732668
User0165,zwynqt@example.com,+8801690838760
User0166,vyqxgb@example.com,+8801539259594
User0167,auwdco@example.com,+8801530289446
User0168,wwnorx@example.com,+8801326939719
User0169,dsklfd@example.com,+8801472824342
User0170,pmkgch@example.com,+8801316642600
User0171,croqhz@example.com,+8801655353678
User0172,hrhmud@example.com,+8801766391030
User0173,kaemmc@example.com,+8801351842822
User0174,ufwzum@example.com,+8801371918233
User0175,jhqbll@example.com,+8801657885738
User0176,ecrjvk@example.com,+8801478025648
User0177,yofqsh@example.com,+8801563477438
User0178,rkcnsc@example.com,+8801374450294
User0179,sehmow@example.com,+8801623161371
User0180,kuklhq@example.com,+8801460066466
User0181,jdynrr@example.com,+8801417033360
User0182,ilyswy@example.com,+8801512536865
User0183,lqqikq@example.com,+8801490544378
User0184,gibyix@example.com,+8801637223751
User0185,uzsmuy@example.com,+8801496135804
User0186,orrunz@example.com,+8801856903982
User0187,rlnodh@example.com,+8801511663005
User0188,cuucnv@example.com,+8801441819766
User0189,rjbive@example.com,+8801859863472
User0190,iouxxj@example.com,+8801720515565
User0191,oqtcbx@example.com,+8801656288117
User0192,qeotvr@example.com,+8801861194208
User0193,kvlerz@example.com,+8801543968245
User0194,owmuim@example.com,+8801719349195
User0195,jzufam@example.com,+8801714626954
User0196,vmtaur@example.com,+8801525922303
User0197,rxtjpy@example.com,+8801589284742
User0198,zjryyn@example.com,+8801810257599
User0199,dwyazz@example.com,+8801767249887
User0200,vvnzhv@example.com,+8801313785346
User0201,uetmfv@example.com,+8801852165672
User0202,ulxatg@example.com,+8801421892214
User0203,ekwqsx@example.com,+8801322605655
User0204,xjvuua@example.com,+8801458410457
User0205,dblxig@example.com,+8801463284298
User0206,tomxkc@example.com,+8801866259332
User0207,jlluyn@example.com,+8801851157921
User0208,njtqfa@example.com,+8801661729581
User0209,iteatm@example.com,+8801397760126
User0210,qfejcg@example.com,+8801679088139
User0211,pvcmwi@example.com,+8801682095423
User0212,cvfhgv@example.com,+8801399090863
User0213,rqcyqp@example.com,+8801785623170
User0214,zyhtwq@example.com,+8801433971246
User0215,wgjcwr@example.com,+8801893730038
User0216,ckexzs@example.com,+8801329795269
User0217,krgutu@example.com,+8801590219182
User0218,ivzeza@example.com,+8801645089874
User0219,qudltx@example.com,+8801856352973
User0220,iswukw@example.com,+8801833027994
User0221,twxquw@example.com,+8801745631357
User0222,mkrhuj@example.com,+8801437472649
User0223,zsvwwh@example.com,+8801460925962
User0224,smotxf@example.com,+8801663965496
User0225,jqnaad@example.com,+8801780928688
User0226,ppkfxl@example.com,+8801893006276
User0227,wezifl@example.com,+8801763716018
User0228,baxjnl@example.com,+8801483855927
User0229,proxyn@example.com,+8801690281125
User0230,dekvve@example.com,+8801868928607
User0231,tpihes@example.com,+8801617639684
User0232,capago@example.com,+8801674778026
User0233,gqedew@example.com,+8801593513852
User0234,fbjfhn@example.com,+8801816084966
User0235,ewwxkp@example.com,+8801510022459
User0236,lygkjy@example.com,+8801356763607
User0237,nfxbtx@example.com,+8801490614117
User0238,vwypov@example.com,+8801851382295
User0239,tizbcc@example.com,+8801438724686
User0240,vdbqdr@example.com,+8801436298078
User0241,vtgrjd@example.com,+8801754341783
User0242,auzmwh@example.com,+8801429735654
User0243,mdzroc@example.com,+8801650766430
User0244,cqamrg@example.com,+8801547416705
User0245,cbqtqx@example.com,+8801758679804
User0246,ljskvr@example.com,+8801825897840
User0247,pmanfi@example.com,+8801545829738
User0248,jqkdbj@example.com,+8801790148350
User0249,rlkkyu@example.com,+8801686508380
User0250,mmibff@example.com,+8801474483646
User0251,rzodhs@example.com,+8801633220119
User0252,ybnitx@example.com,+8801868501708
User0253,mokrav@example.com,+8801818135901
User0254,ttnyqy@example.com,+8801686118261
User0255,ronuaq@example.com,+8801513637432
User0256,rwnyfx@example.com,+8801355892090
User0257,pxlmrb@example.com,+8801894487083
User0258,hveahs@example.com,+8801740743374
User0259,bvcytn@example.com,+8801857706565
User0260,mqjnbt@example.com,+8801527699811
User0261,wxvdae@example.com,+8801571986173
User0262,amdqlh@example.com,+8801868313954
User0263,bbtuag@example.com,+8801856321470
User0264,pzwknn@example.com,+8801785313360
User0265,kzjngl@example.com,+8801570591798
User0266,wlnjjv@example.com,+8801751705143
User0267,ppqrmn@example.com,+8801888208351
User0268,vqjmyr@example.com,+8801624015588
User0269,idljga@example.com,+8801817953081
User0270,thlyvp@example.com,+8801896544923
User0271,ibjasv@example.com,+8801342833464
User0272,ffckxb@example.com,+8801659828904
User0273,dmczwb@example.com,+8801531853856
User0274,gtxvjf@example.com,+8801433756923
User0275,wigjhw@example.com,+8801345636598
User0276,lxvmjh@example.com,+8801381699392
User0277,bwspac@example.com,+8801775407000
User0278,iyqumh@example.com,+8801454461327
User0279,fvergq@example.com,+8801481449914
User0280,yqiwya@example.com,+8801870078424
User0281,ixumym@example.com,+8801495853411
User0282,arpkij@example.com,+8801489758655
User0283,oavnhr@example.com,+8801480446702
User0284,nuxhjq@example.com,+8801480866300
User0285,smnkxw@example.com,+8801441666728
User0286,igqgnw@example.com,+8801642148494
User0287,qtfddo@example.com,+8801815594747
User0288,bcuqyr@example.com,+8801729570626
User0289,xcfmse@example.com,+8801621444166
User0290,gqgwrw@example.com,+8801657470570
User0291,ecgjfe@example.com,+8801836299151
User0292,xiiriz@example.com,+8801865383944
User0293,qetxmc@example.com,+8801527148801
User0294,nritpg@example.com,+8801435565934
User0295,lthfcd@example.com,+8801479852297
User0296,ttkuym@example.com,+8801785572360
User0297,nvyatz@example.com,+8801664768079
User0298,bnfpkj@example.com,+8801893220037
User0299,fmiuvq@example.com,+8801451640999
User0300,pidzmf@example.com,+8801467212554
User0301,cmjevg@example.com,+8801781156183
User0302,knubch@example.com,+8801775061429
User0303,ibfnjo@example.com,+8801619056128
User0304,etgeet@example.com,+8801554079723
User0305,fmefqo@example.com,+8801726969502
User0306,jbmsar@example.com,+8801613763655
User0307,xfgqll@example.com,+8801889215446
User0308,lkhabs@example.com,+8801641470103
User0309,avfipd@example.com,+8801595064866
User0310,nmxwso@example.com,+8801326321387
User0311,ybamfz@example.com,+8801335028764
User0312,zrejqt@example.com,+8801433511072
User0313,hvozzh@example.com,+8801457306192
User0314,hgxlmb@example.com,+8801820868705
User0315,htmqlc@example.com,+8801765155067
User0316,hbmuqj@example.com,+8801350897103
User0317,looxzb@example.com,+8801335917546
User0318,jdrnrl@example.com,+8801398775076
User0319,ghegjm@example.com,+8801343508426
User0320,wfoxsh@example.com,+8801871085519
User0321,rxlaqo@example.com,+8801673278830
User0322,zdpjcm@example.com,+8801785384250
User0323,pzpkpp@example.com,+8801798159211
User0324,duptwu@example.com,+8801782131389
User0325,feijfo@example.com,+8801617412851
User0326,mpcgqb@example.com,+8801889082669
User0327,ltlalm@example.com,+8801692706530
User0328,mmaxcx@example.com,+8801747025141
User0329,xpbslx@example.com,+8801455990511
User0330,jnvefx@example.com,+8801319787075
User0331,gkibag@example.com,+8801346775663
User0332,fophvv@example.com,+8801325378499
User0333,oszxfi@example.com,+8801681431425
User0334,qewacw@example.com,+8801675336670
User0335,urpisn@example.com,+8801789538294
User0336,ysqdis@example.com,+8801458188499
User0337,pslxji@example.com,+8801484221479
User0338,oyjcyr@example.com,+8801319212696
User0339,bryzcq@example.com,+8801721406006
User0340,ovhsjn@example.com,+8801796892823
User0341,ewzitx@example.com,+8801897022180
User0342,bzaepl@example.com,+8801333280905
User0343,jgzvgd@example.com,+8801521877165
User0344,dzbntv@example.com,+8801450961957
User0345,wvmsxy@example.com,+8801829532544
User0346,ypbpoj@example.com,+8801721143949
User0347,wugzzq@example.com,+8801457174494
User0348,zldpji@example.com,+8801771408367
User0349,ytrwsb@example.com,+8801365345862
User0350,ulzead@example.com,+8801666027055
User0351,lebqgm@example.com,+8801857213285
User0352,glmgtl@example.com,+8801793276080
User0353,gjssxo@example.com,+8801786986463
User0354,wjdivh@example.com,+8801581149702
User0355,ygssyg@example.com,+8801715118729
User0356,mymdha@example.com,+8801351654186
User0357,qgmmtq@example.com,+8801832799781
User0358,uvuzdt@example.com,+8801411338118
User0359,wkkdss@example.com,+8801628301310
User0360,bovgqk@example.com,+8801314277121
User0361,msopid@example.com,+8801411153139
User0362,dnfdjw@example.com,+8801755407252
User0363,qektmf@example.com,+8801749928832
User0364,klmqtv@example.com,+8801541147312
User0365,xzbfoz@example.com,+8801575113905
User0366,lcgzoj@example.com,+8801826698985
User0367,sntxoe@example.com,+8801362987526
User0368,xfzzfb@example.com,+8801750909255
User0369,wlzlqy@example.com,+8801426859909
User0370,ytfiya@example.com,+8801466203860
User0371,uurcad@example.com,+8801711195204
User0372,dxdzxc@example.com,+8801362027883
User0373,oaevgb@example.com,+8801850035396
User0374,mqdftd@example.com,+8801344815213
User0375,pqbaug@example.com,+8801889101575
User0376,wocpbr@example.com,+8801341562353
User0377,trvfvf@example.com,+8801674841635
User0378,emvbtj@example.com,+8801768746879
User0379,fpawfh@example.com,+8801680626557
User0380,azntto@example.com,+8801314969913
User0381,mfposl@example.com,+8801480654027
User0382,ulgswt@example.com,+8801410729437
User0383,knatnt@example.com,+8801498012586
User0384,tbcdml@example.com,+8801783065277
User0385,pcnzgz@example.com,+8801743865707
User0386,tuscxw@example.com,+8801680005914
User0387,dcntry@example.com,+8801428716992
User0388,ujphmb@example.com,+8801728878596
User0389,djkiva@example.com,+8801654911577
User0390,yljmna@example.com,+8801856647210
User0391,iuhvce@example.com,+8801425817257
User0392,dohdmc@example.com,+8801364560583
User0393,snytgp@example.com,+8801544714687
User0394,kkzpow@example.com,+8801662459602
User0395,rrygfo@example.com,+8801882567262
User0396,iniauo@example.com,+8801479882661
User0397,ginclg@example.com,+8801866967056
User0398,uvbgyu@example.com,+8801481834044
User0399,lohkbf@example.com,+8801785099321
User0400,ivbait@example.com,+8801718842879
User0401,ukqawk@example.com,+8801312780374
User0402,icypmu@example.com,+8801758775377
User0403,yvabte@example.com,+8801316644248
User0404,neghgs@example.com,+8801827939596
User0405,uwfonf@example.com,+8801666650673
User0406,pdrfae@example.com,+8801348836480
User0407,yxeiex@example.com,+8801572805508
User0408,bnbyop@example.com,+8801442596549
User0409,ukefhd@example.com,+8801880460887
User0410,jlivkh@example.com,+8801869024896
User0411,jyxzjj@example.com,+8801485988089
User0412,thicui@example.com,+8801587221662
User0413,flblna@example.com,+8801768839919
User0414,ioxrbd@example.com,+8801314838215
User0415,drxpdw@example.com,+8801540613201
User0416,cfznxs@example.com,+8801790578274
User0417,alrhgn@example.com,+8801699777420
User0418,zptvea@example.com,+8801614877006
User0419,mjitiz@example.com,+8801738818201
User0420,wwlpks@example.com,+8801856739534
User0421,hghsta@example.com,+8801824434374
User0422,zesmyx@example.com,+8801462266462
User0423,erzozk@example.com,+8801598769670
User0424,orlgad@example.com,+8801367858163
User0425,aumcjd@example.com,+8801771123440
User0426,etmmzj@example.com,+8801450645493
User0427,fupfjy@example.com,+8801661908591
User0428,iklwuq@example.com,+8801370390223
User0429,isdnmn@example.com,+8801413927499
User0430,ykyomi@example.com,+8801583646949
User0431,qjidii@example.com,+8801486714830
User0432,vkbzvm@example.com,+8801720688273
User0433,okwpyt@example.com,+8801586484308
User0434,ffozzv@example.com,+8801598045907
User0435,wkjags@example.com,+8801646168240
User0436,dykolt@example.com,+8801788895558
User0437,bywgay@example.com,+8801329443721
User0438,foajay@example.com,+8801688839512
User0439,bghiuy@example.com,+8801437550589
User0440,flobin@example.com,+8801823526399
User0441,jadegv@example.com,+8801331975782
User0442,ijdilc@example.com,+8801865480808
User0443,tsasbg@example.com,+8801493139454
User0444,jgazxy@example.com,+8801350396591
User0445,doxndb@example.com,+8801647506384
User0446,iotesw@example.com,+8801348037616
User0447,xircqk@example.com,+8801767887281
User0448,phcwvi@example.com,+8801755692995
User0449,ejzdii@example.com,+8801875800655
User0450,fxaaug@example.com,+8801859414237
User0451,rfafmb@example.com,+8801470677336
User0452,fxuqwv@example.com,+8801419420662
User0453,qesblp@example.com,+8801855335125
User0454,ourlxq@example.com,+8801315845310
User0455,tlvdfx@example.com,+8801595225579
User0456,tzlsnp@example.com,+8801683265344
User0457,wnlywt@example.com,+8801732234414
User0458,boeujx@example.com,+8801579282862
User0459,esjtlt@example.com,+8801350108687
User0460,ccfjhf@example.com,+8801597664303
User0461,vzipat@example.com,+8801437530820
User0462,jcnkzd@example.com,+8801457606229
User0463,honwol@example.com,+8801343316016
User0464,wzomdv@example.com,+8801452547409
User0465,sefpvq@example.com,+8801357421251
User0466,pmdcxy@example.com,+8801736882705
User0467,egczwm@example.com,+8801395938949
User0468,myzdhg@example.com,+8801879159607
User0469,ggwsnk@example.com,+8801788358751
User0470,aeyfyq@example.com,+8801861946937
User0471,emsvcf@example.com,+8801361120686
User0472,crqarp@example.com,+8801554294981
User0473,pabnut@example.com,+8801511818347
User0474,fvlhjt@example.com,+8801747844475
User0475,lltjae@example.com,+8801517603268
User0476,mynisz@example.com,+8801620670907
User0477,hogxkx@example.com,+8801456701454
User0478,woebze@example.com,+8801359479091
User0479,qsicib@example.com,+8801662228381
User0480,ocerfm@example.com,+8801655968237
User0481,hpdnua@example.com,+8801481249697
User0482,jiskll@example.com,+8801892738542
User0483,wbbzue@example.com,+8801772292844
User0484,oiunlg@example.com,+8801763243026
User0485,ubqljp@example.com,+8801492295568
User0486,sfjvov@example.com,+8801783623922
User0487,jdxcsp@example.com,+8801831746253
User0488,jqdkxp@example.com,+8801589473341
User0489,zfyiru@example.com,+8801725764317
User0490,lftflu@example.com,+8801486413976
User0491,mappxa@example.com,+8801543380869
User0492,vlwizv@example.com,+8801346162408
User0493,vxmlzv@example.com,+8801437806061
User0494,mjrulu@example.com,+8801538287825
User0495,gojyug@example.com,+8801532483313
User0496,zhigog@example.com,+8801456226871
User0497,amenvd@example.com,+8801545080849
User0498,tiblvy@example.com,+8801373843149
User0499,stfitj@example.com,+8801885694992
User0500,oxljjj@example.com,+8801761523275
User0501,pdhklk@example.com,+8801673375119
User0502,ezmpip@example.com,+8801397569891
User0503,odhgec@example.com,+8801576507616
User0504,rudwpv@example.com,+8801525250943
User0505,byaior@example.com,+8801884162994
User0506,euztoz@example.com,+8801310323624
User0507,jpjiup@example.com,+8801398773682
User0508,lfqhmn@example.com,+8801493001420
User0509,tarojy@example.com,+8801449968313
User0510,gyjcyv@example.com,+8801865505358
User0511,ybqhap@example.com,+8801346392959
User0512,fzqwga@example.com,+8801631445652
User0513,deqkap@example.com,+8801432009131
User0514,cjszzb@example.com,+8801752342538
User0515,bxuldh@example.com,+8801328026649
User0516,lqstda@example.com,+8801447025723
User0517,pvqdgf@example.com,+8801743643749
User0518,isjqxw@example.com,+8801454616603
User0519,ppivur@example.com,+8801415417031
User0520,panxxh@example.com,+8801540614658
User0521,ynbhmi@example.com,+8801483095060
User0522,yufvbt@example.com,+8801579680836
User0523,xsxkce@example.com,+8801855598999
User0524,waxohl@example.com,+8801328263032
User0525,sgbwfv@example.com,+8801663254377
User0526,lcdspt@example.com,+8801613814707
User0527,zpkniw@example.com,+8801482087309
User0528,zcemzs@example.com,+8801399896723
User0529,sdwssv@example.com,+8801854183085
User0530,uoejxa@example.com,+8801327255283
User0531,fyaffr@example.com,+8801836454427
User0532,uiwcll@example.com,+8801553449868
User0533,wvvqrq@example.com,+8801322452482
User0534,wmiotd@example.com,+8801466964588
User0535,llabug@example.com,+8801361518660
User0536,hslrgf@example.com,+8801837469073
User0537,ifgoqi@example.com,+8801658007805
User0538,ktfxhe@example.com,+8801845059952
User0539,coogno@example.com,+8801417949732
User0540,ywvnuf@example.com,+8801463957382
User0541,mjolzm@example.com,+8801720242630
User0542,xwkzjq@example.com,+8801714147874
User0543,jradjp@example.com,+8801494577926
User0544,nsbxzu@example.com,+8801340640721
User0545,hgshxa@example.com,+8801755539958
User0546,kvwkya@example.com,+8801624768316
User0547,yvonte@example.com,+8801526961626
User0548,ibsnov@example.com,+8801565704952
User0549,zclcyg@example.com,+8801762814747
User0550,mpgauw@example.com,+8801368321462
User0551,aymdtf@example.com,+8801447150042
User0552,mkqzwo@example.com,+8801476234835
User0553,jmnybg@example.com,+8801368111427
User0554,wfrein@example.com,+8801392048204
User0555,rqltph@example.com,+8801585985698
User0556,arnilp@example.com,+8801476447999
User0557,uffxop@example.com,+8801670385493
User0558,ffzoev@example.com,+8801739409487
User0559,hcoyhu@example.com,+8801438117541
User0560,xczogn@example.com,+8801598831699
User0561,vidnnq@example.com,+8801822775330
User0562,xbsjeb@example.com,+8801394333229
User0563,jvxodr@example.com,+8801452223239
User0564,epzkuc@example.com,+8801429020115
User0565,tfysrx@example.com,+8801858072658
User0566,xtgfba@example.com,+8801649917001
User0567,yvbmvi@example.com,+8801433856930
User0568,wkzagb@example.com,+8801876111587
User0569,nyyhkk@example.com,+8801581541406
User0570,tmqyay@example.com,+8801460446883
User0571,clrcnq@example.com,+8801421247311
User0572,fbvfoq@example.com,+8801669958516
User0573,jhjopk@example.com,+8801380669523
User0574,acrtel@example.com,+8801494580904
User0575,ntfssm@example.com,+8801676171053
User0576,mbfwxt@example.com,+8801613841047
User0577,fzoyrr@example.com,+8801640576576
User0578,twynqm@example.com,+8801319883962
User0579,pxjhsp@example.com,+8801319057710
User0580,saxbpl@example.com,+8801585474737
User0581,yupodr@example.com,+8801539761099
User0582,lnwdub@example.com,+8801593065618
User0583,ymuhcn@example.com,+8801422032441
User0584,fkvwiy@example.com,+8801530772066
User0585,htonqs@example.com,+8801631544074
User0586,hkckrg@example.com,+8801444286786
User0587,sfuwva@example.com,+8801314073411
User0588,nkfnrb@example.com,+8801546044677
User0589,ufbkfi@example.com,+8801343585819
User0590,ehzzda@example.com,+8801530637966
User0591,jiicoh@example.com,+8801493785740
User0592,uqxojk@example.com,+8801848834731
User0593,eehbzi@example.com,+8801367312561
User0594,codvum@example.com,+8801869215628
User0595,wmelnl@example.com,+8801374903442
User0596,isbmto@example.com,+8801895966469
User0597,srgwhs@example.com,+8801877842443
User0598,mndthn@example.com,+8801813349648
User0599,qusspb@example.com,+8801382287374
User0600,lszxxj@example.com,+8801688007437
User0601,arpnrw@example.com,+8801629946455
User0602,dguqsw@example.com,+8801848646979
User0603,bnrnmv@example.com,+8801312475790
User0604,nzvjpe@example.com,+8801333562761
User0605,uryitt@example.com,+8801332736509
User0606,oevidk@example.com,+8801857373953
User0607,uirdyu@example.com,+8801651053452
User0608,bgssef@example.com,+8801565029331
User0609,vzmmtj@example.com,+8801435711240
User0610,lekwjc@example.com,+8801382222232
User0611,iqtiak@example.com,+8801415439739
User0612,uesdtp@example.com,+8801517665298
User0613,bawiym@example.com,+8801890097529
User0614,dtlfpx@example.com,+8801579911243
User0615,gfqpol@example.com,+8801752801022
User0616,qpugjc@example.com,+8801714598130
User0617,zwroct@example.com,+8801843908667
User0618,enbacu@example.com,+8801434794350
User0619,jtuiul@example.com,+8801619434944
User0620,hmyudo@example.com,+8801855239746
User0621,tqrdwg@example.com,+8801767119421
User0622,yhkyhz@example.com,+8801861024665
User0623,nnqwkc@example.com,+8801764060058
User0624,ltoazm@example.com,+8801647280714
User0625,hlddtk@example.com,+8801389503122
User0626,lalqdn@example.com,+8801379900925
User0627,unzntg@example.com,+8801361749067
User0628,lyfwff@example.com,+8801699903648
User0629,wcygyx@example.com,+8801746406855
User0630,eqfuto@example.com,+8801425714242
User0631,mvqikr@example.com,+8801816632173
User0632,iafigt@example.com,+8801321538264
User0633,ozctsj@example.com,+8801637077570
User0634,yjfknb@example.com,+8801698895898
User0635,vnbmqu@example.com,+8801851118306
User0636,cozrcz@example.com,+8801745930131
User0637,snwutu@example.com,+8801737374354
User0638,flkkzf@example.com,+8801873372651
User0639,igcemi@example.com,+8801321709650
User0640,yemuud@example.com,+8801343619140
User0641,yfpwfa@example.com,+8801481741472
User0642,uhhgui@example.com,+8801451726009
User0643,ucqjrj@example.com,+8801599616020
User0644,roepbm@example.com,+8801354665011
User0645,vhqifo@example.com,+8801455232586
User0646,xzrbxl@example.com,+8801445972196
User0647,yytnfz@example.com,+8801742590221
User0648,wfoikf@example.com,+8801386908832
User0649,qmogal@example.com,+8801737531400
User0650,aaqpye@example.com,+8801671036428
User0651,jrlmsi@example.com,+8801864973921
User0652,dmmtbg@example.com,+8801478691806
User0653,necjim@example.com,+8801879377418
User0654,gsjsjk@example.com,+8801873310494
User0655,ugekrs@example.com,+8801793676147
User0656,gvkfkz@example.com,+8801791249540
User0657,uikxzk@example.com,+8801790423289
User0658,csieua@example.com,+8801638844122
User0659,xynetu@example.com,+8801775716968
User0660,cpgugw@example.com,+8801724460295
User0661,jmzikz@example.com,+8801526653604
User0662,jzshbv@example.com,+8801444656515
User0663,jkgxwz@example.com,+8801452874252
User0664,olztjd@example.com,+8801722076548
User0665,qtxtbb@example.com,+8801860529630
User0666,qkkqcp@example.com,+8801527345756
User0667,qsradt@example.com,+8801457212273
User0668,zasqin@example.com,+8801775546222
User0669,xjzefn@example.com,+8801573087364
User0670,zcyeqf@example.com,+8801372228863
User0671,sdtssw@example.com,+8801368588893
User0672,wfyffd@example.com,+8801779884242
User0673,pwrufr@example.com,+8801714553933
User0674,iukiwi@example.com,+8801598717173
User0675,gfkvkp@example.com,+8801434750153
User0676,sqncoa@example.com,+8801684715227
User0677,vghmdl@example.com,+8801593914372
User0678,ukjacy@example.com,+8801442335206
User0679,vazfrx@example.com,+8801399183580
User0680,ujdheq@example.com,+8801859334611
User0681,kqlcpo@example.com,+8801637607213
User0682,btypjb@example.com,+8801773633342
User0683,bkeerf@example.com,+8801574318953
User0684,wnsexk@example.com,+8801378967049
User0685,hvrqme@example.com,+8801381974331
User0686,xfnnsz@example.com,+8801466582677
User0687,nkugtb@example.com,+8801710807264
User0688,qcnntq@example.com,+8801836872492
User0689,dlihkr@example.com,+8801886805317
User0690,yidecn@example.com,+8801597778172
User0691,wtpadz@example.com,+8801894396197
User0692,fwcxay@example.com,+8801434561503
User0693,mtdswr@example.com,+8801849428252
User0694,jxwcbx@example.com,+8801819412788
User0695,ejixxx@example.com,+8801357535119
User0696,jirlgj@example.com,+8801414095974
User0697,jvdewf@example.com,+8801760804874
User0698,lmexnb@example.com,+8801563779907
User0699,oybvwh@example.com,+8801848420502
User0700,mjbnzx@example.com,+8801484741291
User0701,djxntl@example.com,+8801566617266
User0702,ifwobl@example.com,+8801410122293
User0703,voutlh@example.com,+8801379615996
User0704,oguaei@example.com,+8801484522086
User0705,mjgxpt@example.com,+8801518463282
User0706,vtrzas@example.com,+8801779398769
User0707,fbmruu@example.com,+8801591250612
User0708,jdweos@example.com,+8801339405193
User0709,kjsfqs@example.com,+8801687997752
User0710,oorlna@example.com,+8801744674401
User0711,wowshw@example.com,+8801411780495
User0712,tspcnc@example.com,+8801450523821
User0713,zqmnzr@example.com,+8801741811667
User0714,vwbnuu@example.com,+8801630234529
User0715,flnckg@example.com,+8801461707851
User0716,fjsnfe@example.com,+8801489140753
User0717,wkqpmx@example.com,+8801446107644
User0718,phkrkb@example.com,+8801827923539
User0719,bqkwcv@example.com,+8801443048281
User0720,frmmtj@example.com,+8801461124235
User0721,rhtsvh@example.com,+8801848897700
User0722,kasaph@example.com,+8801680804467
User0723,zynoup@example.com,+8801554166908
User0724,jymhrz@example.com,+8801465462256
User0725,aukqet@example.com,+8801412109380
User0726,eomjln@example.com,+8801451271924
User0727,ybckkl@example.com,+8801412072353
User0728,yigyzw@example.com,+8801693548826
User0729,mezgan@example.com,+8801573042530
User0730,beewds@example.com,+8801627913220
User0731,mnbftv@example.com,+8801574993916
User0732,gjydtq@example.com,+8801748173938
User0733,leqmie@example.com,+8801492932962
User0734,omctrs@example.com,+8801430703275
User0735,hgjoyc@example.com,+8801462642291
User0736,nfguuj@example.com,+8801536036981
User0737,wfwgqu@example.com,+8801847300080
User0738,yurxlp@example.com,+8801644143850
User0739,vharpw@example.com,+8801833109748
User0740,duqrbg@example.com,+8801792198241
User0741,fdorte@example.com,+8801475386650
User0742,kdhngi@example.com,+8801786359506
User0743,fmqqmn@example.com,+8801759721946
User0744,lvmgfe@example.com,+8801556863990
User0745,rohdcn@example.com,+8801530011762
User0746,kmamun@example.com,+8801674738536
User0747,fynhqn@example.com,+8801514605053
User0748,mzxvpx@example.com,+8801694483266
User0749,uaonps@example.com,+8801613359623
User0750,bzlnip@example.com,+8801849357920
User0751,uqurhd@example.com,+8801454489756
User0752,ykwjox@example.com,+8801445439937
User0753,veqcth@example.com,+8801852195281
User0754,tgviyy@example.com,+8801777186497
User0755,mmnmhj@example.com,+8801388449596
User0756,iuodbe@example.com,+8801561844285
User0757,xkfrmf@example.com,+8801561018033
User0758,bkkvlo@example.com,+8801688232368
User0759,dfggxu@example.com,+8801876828626
User0760,pupazn@example.com,+8801524983207
User0761,rdnarm@example.com,+8801896573357
User0762,ewqfyt@example.com,+8801320484737
User0763,cfpnss@example.com,+8801579102693
User0764,zkixyy@example.com,+8801436359829
User0765,kogjxu@example.com,+8801827277761
User0766,nrucuq@example.com,+8801736064807
User0767,qmmwhs@example.com,+8801861088274
User0768,rgbtye@example.com,+8801828226616
User0769,ghyale@example.com,+8801551937925
User0770,cetxda@example.com,+8801443081601
User0771,mksdfx@example.com,+8801872134145
User0772,mgymki@example.com,+8801581954284
User0773,cbazyi@example.com,+8801854727979
User0774,vuzhsj@example.com,+8801478378931
User0775,iecaho@example.com,+8801792322561
User0776,uttoub@example.com,+8801863036719
User0777,mrtxxs@example.com,+8801818197653
User0778,piuqop@example.com,+8801565246098
User0779,pemrrr@example.com,+8801517902631
User0780,omtdoo@example.com,+8801718190900
User0781,xyhndp@example.com,+8801312128395
User0782,lbmhcz@example.com,+8801456999084
User0783,xhjmwx@example.com,+8801772826375
User0784,rdgkws@example.com,+8801742652251
User0785,zfatva@example.com,+8801512411043
User0786,ivjiho@example.com,+8801426987547
User0787,zmpdxa@example.com,+8801357120605
User0788,ukopuf@example.com,+8801520747616
User0789,uscwdz@example.com,+8801741778393
User0790,scymal@example.com,+8801638622162
User0791,zsfzeu@example.com,+8801835731956
User0792,ahwgol@example.com,+8801798653986
User0793,jfcljf@example.com,+8801336583705
User0794,dkmcgh@example.com,+8801472582002
User0795,jzudxr@example.com,+8801477455843
User0796,ebruec@example.com,+8801851600297
User0797,lxorsj@example.com,+8801524490074
User0798,ezoanu@example.com,+8801659449170
User0799,dnuxtq@example.com,+8801798825371
User0800,egdkov@example.com,+8801688961580
User0801,acuizq@example.com,+8801392585440
User0802,zmqdvu@example.com,+8801447097546
User0803,tquzfy@example.com,+8801420459988
User0804,xrmgkp@example.com,+8801619665984
User0805,nohgog@example.com,+8801646654574
User0806,innlwo@example.com,+8801518389280
User0807,omewzb@example.com,+8801562675641
User0808,ihfeja@example.com,+8801359325916
User0809,wtzcoh@example.com,+8801435502075
User0810,pobzth@example.com,+8801654202599
User0811,vtciqd@example.com,+8801441286994
User0812,hfgeun@example.com,+8801413951030
User0813,egdeye@example.com,+8801470799404
User0814,ycbpgm@example.com,+8801876454969
User0815,wsirdp@example.com,+8801776842318
User0816,sxfzrh@example.com,+8801367562613
User0817,kyxgkk@example.com,+8801491503808
User0818,fclhpp@example.com,+8801650518374
User0819,ixdbcs@example.com,+8801522543324
User0820,yihpic@example.com,+8801822704929
User0821,eyjowt@example.com,+8801661416006
User0822,gqbuxi@example.com,+8801760815499
User0823,quwltw@example.com,+8801558356643
User0824,fpfaae@example.com,+8801843409335
User0825,zogpln@example.com,+8801872203883
User0826,odgwhf@example.com,+8801472857244
User0827,akhpgm@example.com,+8801786800874
User0828,tiadxe@example.com,+8801881028611
User0829,pnelwo@example.com,+8801569652702
User0830,tsyzdn@example.com,+8801351468597
User0831,hkrgqq@example.com,+8801432356198
User0832,mzztbt@example.com,+8801724646645
User0833,yjiitl@example.com,+8801396606708
User0834,jrxvoo@example.com,+8801418712129
User0835,dwtjgd@example.com,+8801490560271
User0836,vokskq@example.com,+8801848482531
User0837,mcjapz@example.com,+8801327311113
User0838,ywrpxw@example.com,+8801756073412
User0839,itdqlz@example.com,+8801854695068
User0840,fevwyh@example.com,+8801626577895
User0841,fmkdhb@example.com,+8801662866435
User0842,nnmsdj@example.com,+8801776777817
User0843,kmmghw@example.com,+8801341562237
User0844,mefnhk@example.com,+8801414226271
User0845,zgksao@example.com,+8801662647233
User0846,dcwpkg@example.com,+8801578412282
User0847,zdhjmj@example.com,+8801692613906
User0848,bbcjco@example.com,+8801472430344
User0849,ucuqvr@example.com,+8801530320355
User0850,ptwhqw@example.com,+8801756765641
User0851,oibewr@example.com,+8801537911236
User0852,gskxru@example.com,+8801486536043
User0853,mzdpsq@example.com,+8801578163455
User0854,kgykyw@example.com,+8801732675560
User0855,ruooiy@example.com,+8801686270322
User0856,djfcvl@example.com,+8801895243999
User0857,yqgals@example.com,+8801625782731
User0858,tlgiuq@example.com,+8801424200542
User0859,zkytye@example.com,+8801539997840
User0860,zuhely@example.com,+8801612138663
User0861,clsyzd@example.com,+8801736079857
User0862,ttulug@example.com,+8801839780612
User0863,bkvecz@example.com,+8801326607014
User0864,ozbzvg@example.com,+8801789529044
User0865,oxhlzj@example.com,+8801646609739
User0866,gwwlhf@example.com,+8801862290977
User0867,cjbnok@example.com,+8801362420333
User0868,pzxpfj@example.com,+8801668140396
User0869,vwqcin@example.com,+8801677081822
User0870,wpnhro@example.com,+8801897588305
User0871,xtscem@example.com,+8801698102319
User0872,edmapz@example.com,+8801678030678
User0873,gppygh@example.com,+8801483976487
User0874,hfgfqy@example.com,+8801626141247
User0875,esbtnp@example.com,+8801746937975
User0876,gekktu@example.com,+8801610541042
User0877,adkzed@example.com,+8801429273815
User0878,nesmls@example.com,+8801828415314
User0879,ggmanj@example.com,+8801644128800
User0880,uxfnqu@example.com,+8801746354359
User0881,cgipee@example.com,+8801658234037
User0882,aqejzi@example.com,+8801416536350
User0883,njbpvw@example.com,+8801554658683
User0884,cmgjvg@example.com,+8801679972392
User0885,eentzi@example.com,+8801482165703
User0886,kgbfhe@example.com,+8801665782061
User0887,qpxmot@example.com,+8801855886020
User0888,mtuzad@example.com,+8801549060314
User0889,dabulb@example.com,+8801812631132
User0890,enkljs@example.com,+8801833395610
User0891,pnylmt@example.com,+8801430505403
User0892,qcpswk@example.com,+8801612413904
User0893,mgeyiu@example.com,+8801348444449
User0894,fiehdf@example.com,+8801462355830
User0895,vkgdfy@example.com,+8801743945979
User0896,yfehex@example.com,+8801356781022
User0897,stevwj@example.com,+8801739969430
User0898,oaplij@example.com,+8801884481537
User0899,kbbfkm@example.com,+8801669936106
User0900,uzwysh@example.com,+8801658008359
User0901,fdtksd@example.com,+8801896130692
User0902,iuqbcv@example.com,+8801342343655
User0903,ivvgsn@example.com,+8801823489250
User0904,nmfsso@example.com,+8801814439431
User0905,xxwlrs@example.com,+8801717507312
User0906,vixevi@example.com,+8801530250025
User0907,cpwvla@example.com,+8801792100603
User0908,tjnkmu@example.com,+8801625816052
User0909,ptphry@example.com,+8801540682800
User0910,rbpvjs@example.com,+8801530030822
User0911,lghzrd@example.com,+8801666319361
User0912,pvpmch@example.com,+8801717968942
User0913,amayhc@example.com,+8801841910136
User0914,kxhrjy@example.com,+8801479742225
User0915,ylcjqg@example.com,+8801447437062
User0916,npknji@example.com,+8801895359322
User0917,zroscl@example.com,+8801544184202
User0918,wwesyo@example.com,+8801691376840
User0919,jynmgj@example.com,+8801877320401
User0920,bwgwyj@example.com,+8801773970676
User0921,gryjlo@example.com,+8801715909693
User0922,oswoyu@example.com,+8801332251823
User0923,inzjhn@example.com,+8801465789097
User0924,wafusg@example.com,+8801857952881
User0925,zjcuke@example.com,+8801783985861
User0926,hwsuwp@example.com,+8801775572211
User0927,ccxuvi@example.com,+8801471343497
User0928,fywfvq@example.com,+8801583227589
User0929,owzzhx@example.com,+8801886960594
User0930,brficj@example.com,+8801386360086
User0931,vvbwux@example.com,+8801735071165
User0932,kqaiau@example.com,+8801771017875
User0933,qtvlvv@example.com,+8801817664998
User0934,odrfqy@example.com,+8801597478714
User0935,uzpslt@example.com,+8801437345230
User0936,pztfmx@example.com,+8801347659171
User0937,cnjuhb@example.com,+8801341854658
User0938,ecqbbz@example.com,+8801365791437
User0939,jikjsq@example.com,+8801623572798
User0940,bjivhr@example.com,+8801453213570
User0941,llaekm@example.com,+8801573321229
User0942,gjdajh@example.com,+8801770830123
User0943,yxwwkd@example.com,+8801768197910
User0944,zmndvu@example.com,+8801664848185
User0945,rlibvc@example.com,+8801376111284
User0946,otdsbq@example.com,+8801491276534
User0947,fxgnuh@example.com,+8801681380491
User0948,zsezco@example.com,+8801627471120
User0949,hnefzz@example.com,+8801677403944
User0950,cvuutk@example.com,+8801488892788
User0951,gsajou@example.com,+8801449693214
User0952,iqvjfz@example.com,+8801695442873
User0953,nosvro@example.com,+8801835051394
User0954,qeolbg@example.com,+8801613033752
User0955,hwznou@example.com,+8801875923532
User0956,wxddrz@example.com,+8801552131938
User0957,ghvwqd@example.com,+8801575194091
User0958,wfwimx@example.com,+8801378169124
User0959,vijsqx@example.com,+8801759529387
User0960,izcfti@example.com,+8801483502830
User0961,kiwkjp@example.com,+8801631625163
User0962,kucsnp@example.com,+8801479719779
User0963,edauuk@example.com,+8801690982877
User0964,pmbchx@example.com,+8801799722503
User0965,tfnuma@example.com,+8801829830161
User0966,xkunap@example.com,+8801639173189
User0967,axsliv@example.com,+8801815123842
User0968,rtcfxv@example.com,+8801553278423
User0969,yoyckc@example.com,+8801612128975
User0970,jjrooe@example.com,+8801459063620
User0971,wlbixa@example.com,+8801760006948
User0972,upuscg@example.com,+8801741399460
User0973,zoreow@example.com,+8801865340654
User0974,pbkrak@example.com,+8801761337686
User0975,agngll@example.com,+8801386877140
User0976,jxoblf@example.com,+8801672852949
User0977,whjvcg@example.com,+8801789816142
User0978,yzbbdv@example.com,+8801711377743
User0979,scfclr@example.com,+8801577173776
User0980,zwzsoq@example.com,+8801689057870
User0981,eamfwq@example.com,+8801335116247
User0982,wtidgn@example.com,+8801883934551
User0983,suhwmz@example.com,+8801840901444
User0984,vlipdv@example.com,+8801391847923
User0985,hxfscb@example.com,+8801648556823
User0986,ehfkfq@example.com,+8801322378782
User0987,gvyyet@example.com,+8801543175510
User0988,fabncg@example.com,+8801577003030
User0989,uqsbnh@example.com,+8801714661676
User0990,baxctb@example.com,+8801471621716
User0991,zmxohi@example.com,+8801441122515
User0992,rkqcyz@example.com,+8801638791585
User0993,fyuggh@example.com,+8801550643428
User0994,xxfalf@example.com,+8801746898452
User0995,oxlgxc@example.com,+8801777031509
User0996,skhslo@example.com,+8801350426199
User0997,xdbxgy@example.com,+8801561689298
User0998,atxoqq@example.com,+8801410110132
User0999,itcukm@example.com,+8801633935242
User1000,fkxunk@example.com,+8801694793317