email,password
ucgafh@example.com,FlexAdmin#1
sekhly@example.com,FlexAdmin#1
mkdluj@example.com,FlexAdmin#1
tuimzc@example.com,FlexAdmin#1
hhbkek@example.com,FlexAdmin#1
uvhfxr@example.com,FlexAdmin#1
tzqzsb@example.com,FlexAdmin#1
utewjn@example.com,FlexAdmin#1
budmmj@example.com,FlexAdmin#1
jufbis@example.com,FlexAdmin#1
aldzjs@example.com,FlexAdmin#1
xpxjoy@example.com,FlexAdmin#1
ooavyu@example.com,FlexAdmin#1
shpbcs@example.com,FlexAdmin#1
pkcvus@example.com,FlexAdmin#1
pbpsvg@example.com,FlexAdmin#1
zhmloy@example.com,FlexAdmin#1
maprvf@example.com,FlexAdmin#1
lpvnba@example.com,FlexAdmin#1
dzegxd@example.com,FlexAdmin#1
hapvih@example.com,FlexAdmin#1
ztkttf@example.com,FlexAdmin#1
mzgyyj@example.com,FlexAdmin#1
uqaodv@example.com,FlexAdmin#1
jbxwsg@example.com,FlexAdmin#1
hltqnj@example.com,FlexAdmin#1
dqleih@example.com,FlexAdmin#1
pbcqth@example.com,FlexAdmin#1
rtiaxj@example.com,FlexAdmin#1
eelhbt@example.com,FlexAdmin#1
xklubu@example.com,FlexAdmin#1
kdtjkr@example.com,FlexAdmin#1
leaves@example.com,FlexAdmin#1
acklnn@example.com,FlexAdmin#1
rxowjt@example.com,FlexAdmin#1
kznfef@example.com,FlexAdmin#1
hxlndp@example.com,FlexAdmin#1
ovldja@example.com,FlexAdmin#1
mbifcs@example.com,FlexAdmin#1
nqamnj@example.com,FlexAdmin#1
vogqid@example.com,FlexAdmin#1
wnxhoe@example.com,FlexAdmin#1
fshufh@example.com,FlexAdmin#1
wrwuod@example.com,FlexAdmin#1
qqxjzm@example.com,FlexAdmin#1
jdicln@example.com,FlexAdmin#1
xiczvh@example.com,FlexAdmin#1
wqcdao@example.com,FlexAdmin#1
suvyzn@example.com,FlexAdmin#1
qdrtur@example.com,FlexAdmin#1
lbdrrv@example.com,FlexAdmin#1
qsvmdp@example.com,FlexAdmin#1
axklmd@example.com,FlexAdmin#1
ttpreo@example.com,FlexAdmin#1
zdgpcz@example.com,FlexAdmin#1
klvbxc@example.com,FlexAdmin#1
obwffd@example.com,FlexAdmin#1
anabin@example.com,FlexAdmin#1
fakvhc@example.com,FlexAdmin#1
frysip@example.com,FlexAdmin#1
sifnoi@example.com,FlexAdmin#1
cqyrio@example.com,FlexAdmin#1
rjwtfu@example.com,FlexAdmin#1
irvdlk@example.com,FlexAdmin#1
bioxkq@example.com,FlexAdmin#1
ehkxqs@example.com,FlexAdmin#1
vcvrfo@example.com,FlexAdmin#1
jzjhla@example.com,FlexAdmin#1
pplgzr@example.com,FlexAdmin#1
xyjnuh@example.com,FlexAdmin#1
fdppxv@example.com,FlexAdmin#1
jrxciz@example.com,FlexAdmin#1
syjshk@example.com,FlexAdmin#1
kvjoqr@example.com,FlexAdmin#1
zwpfri@example.com,FlexAdmin#1
qrhtrc@example.com,FlexAdmin#1
vygdlf@example.com,FlexAdmin#1
gbcebl@example.com,FlexAdmin#1
utvlpn@example.com,FlexAdmin#1
fckyjq@example.com,FlexAdmin#1
prpapl@example.com,FlexAdmin#1
uiznql@example.com,FlexAdmin#1
nktbsc@example.com,FlexAdmin#1
dcwwer@example.com,FlexAdmin#1
wyichu@example.com,FlexAdmin#1
rftstt@example.com,FlexAdmin#1
ufavnm@example.com,FlexAdmin#1
xvwmxe@example.com,FlexAdmin#1
dystrx@example.com,FlexAdmin#1
kwsixi@example.com,FlexAdmin#1
xvqmft@example.com,FlexAdmin#1
gnsgpq@example.com,FlexAdmin#1
oitnma@example.com,FlexAdmin#1
wejwuu@example.com,FlexAdmin#1
uhwqmv@example.com,FlexAdmin#1
plkrsa@example.com,FlexAdmin#1
tcnlrb@example.com,FlexAdmin#1
xqvyce@example.com,FlexAdmin#1
qcpwaf@example.com,FlexAdmin#1
gyusgc@example.com,FlexAdmin#1
fhiuqe@example.com,FlexAdmin#1
eqeplh@example.com,FlexAdmin#1
rxjsus@example.com,FlexAdmin#1
fikhkd@example.com,FlexAdmin#1
tudgpk@example.com,FlexAdmin#1
npenyj@example.com,FlexAdmin#1
mqulsq@example.com,FlexAdmin#1
xzjxns@example.com,FlexAdmin#1
csvqsv@example.com,FlexAdmin#1
gkfrsv@example.com,FlexAdmin#1
okjffm@example.com,FlexAdmin#1
obwdha@example.com,FlexAdmin#1
tffrfx@example.com,FlexAdmin#1
kawbhz@example.com,FlexAdmin#1
bwwduc@example.com,FlexAdmin#1
qeusgb@example.com,FlexAdmin#1
lvohzy@example.com,FlexAdmin#1
yormgf@example.com,FlexAdmin#1
vxtvgg@example.com,FlexAdmin#1
wqisxr@example.com,FlexAdmin#1
yzjryc@example.com,FlexAdmin#1
hljxjq@example.com,FlexAdmin#1
dqxfaq@example.com,FlexAdmin#1
texmxh@example.com,FlexAdmin#1
bihcgv@example.com,FlexAdmin#1
lsjshg@example.com,FlexAdmin#1
mjcbiz@example.com,FlexAdmin#1
paduzv@example.com,FlexAdmin#1
iotdyb@example.com,FlexAdmin#1
gusinl@example.com,FlexAdmin#1
nqngru@example.com,FlexAdmin#1
ftwnph@example.com,FlexAdmin#1
jnexkg@example.com,FlexAdmin#1
ivmjhc@example.com,FlexAdmin#1
qwjdkr@example.com,FlexAdmin#1
bgpruf@example.com,FlexAdmin#1
jlvyyk@example.com,FlexAdmin#1
fshokj@example.com,FlexAdmin#1
mynssj@example.com,FlexAdmin#1
ppkicb@example.com,FlexAdmin#1
wvknue@example.com,FlexAdmin#1
niikpw@example.com,FlexAdmin#1
xogprt@example.com,FlexAdmin#1
skcnip@example.com,FlexAdmin#1
lganec@example.com,FlexAdmin#1
rpwcxt@example.com,FlexAdmin#1
fcdxpx@example.com,FlexAdmin#1
obsegc@example.com,FlexAdmin#1
onaruz@example.com,FlexAdmin#1
nrdfsm@example.com,FlexAdmin#1
ocxwie@example.com,FlexAdmin#1
rsczje@example.com,FlexAdmin#1
xkrcxk@example.com,FlexAdmin#1
uusuaz@example.com,FlexAdmin#1
dtsynr@example.com,FlexAdmin#1
chvwio@example.com,FlexAdmin#1
eplnsm@example.com,FlexAdmin#1
knlork@example.com,FlexAdmin#1
hahrvp@example.com,FlexAdmin#1
pcsfuy@example.com,FlexAdmin#1
wfpsor@example.com,FlexAdmin#1
oeamto@example.com,FlexAdmin#1
ziccep@example.com,FlexAdmin#1
hzqrxu@example.com,FlexAdmin#1
zwynqt@example.com,FlexAdmin#1
vyqxgb@example.com,FlexAdmin#1
auwdco@example.com,FlexAdmin#1
wwnorx@example.com,FlexAdmin#1
dsklfd@example.com,FlexAdmin#1
pmkgch@example.com,FlexAdmin#1
croqhz@example.com,FlexAdmin#1
hrhmud@example.com,FlexAdmin#1
kaemmc@example.com,FlexAdmin#1
ufwzum@example.com,FlexAdmin#1
jhqbll@example.com,FlexAdmin#1
ecrjvk@example.com,FlexAdmin#1
yofqsh@example.com,FlexAdmin#1
rkcnsc@example.com,FlexAdmin#1
sehmow@example.com,FlexAdmin#1
kuklhq@example.com,FlexAdmin#1
jdynrr@example.com,FlexAdmin#1
ilyswy@example.com,FlexAdmin#1
lqqikq@example.com,FlexAdmin#1
gibyix@example.com,FlexAdmin#1
uzsmuy@example.com,FlexAdmin#1
orrunz@example.com,FlexAdmin#1
rlnodh@example.com,FlexAdmin#1
cuucnv@example.com,FlexAdmin#1
rjbive@example.com,FlexAdmin#1
iouxxj@example.com,FlexAdmin#1
oqtcbx@example.com,FlexAdmin#1
qeotvr@example.com,FlexAdmin#1
kvlerz@example.com,FlexAdmin#1
owmuim@example.com,FlexAdmin#1
jzufam@example.com,FlexAdmin#1
vmtaur@example.com,FlexAdmin#1
rxtjpy@example.com,FlexAdmin#1
zjryyn@example.com,FlexAdmin#1
dwyazz@example.com,FlexAdmin#1
vvnzhv@example.com,FlexAdmin#1
uetmfv@example.com,FlexAdmin#1
ulxatg@example.com,FlexAdmin#1
ekwqsx@example.com,FlexAdmin#1
xjvuua@example.com,FlexAdmin#1
dblxig@example.com,FlexAdmin#1
tomxkc@example.com,FlexAdmin#1
jlluyn@example.com,FlexAdmin#1
njtqfa@example.com,FlexAdmin#1
iteatm@example.com,FlexAdmin#1
qfejcg@example.com,FlexAdmin#1
pvcmwi@example.com,FlexAdmin#1
cvfhgv@example.com,FlexAdmin#1
rqcyqp@example.com,FlexAdmin#1
zyhtwq@example.com,FlexAdmin#1
wgjcwr@example.com,FlexAdmin#1
ckexzs@example.com,FlexAdmin#1
krgutu@example.com,FlexAdmin#1
ivzeza@example.com,FlexAdmin#1
qudltx@example.com,FlexAdmin#1
iswukw@example.com,FlexAdmin#1
twxquw@example.com,FlexAdmin#1
mkrhuj@example.com,FlexAdmin#1
zsvwwh@example.com,FlexAdmin#1
smotxf@example.com,FlexAdmin#1
jqnaad@example.com,FlexAdmin#1
ppkfxl@example.com,FlexAdmin#1
wezifl@example.com,FlexAdmin#1
baxjnl@example.com,FlexAdmin#1
proxyn@example.com,FlexAdmin#1
dekvve@example.com,FlexAdmin#1
tpihes@example.com,FlexAdmin#1
capago@example.com,FlexAdmin#1
gqedew@example.com,FlexAdmin#1
fbjfhn@example.com,FlexAdmin#1
ewwxkp@example.com,FlexAdmin#1
lygkjy@example.com,FlexAdmin#1
nfxbtx@example.com,FlexAdmin#1
vwypov@example.com,FlexAdmin#1
tizbcc@example.com,FlexAdmin#1
vdbqdr@example.com,FlexAdmin#1
vtgrjd@example.com,FlexAdmin#1
auzmwh@example.com,FlexAdmin#1
mdzroc@example.com,FlexAdmin#1
cqamrg@example.com,FlexAdmin#1
cbqtqx@example.com,FlexAdmin#1
ljskvr@example.com,FlexAdmin#1
pmanfi@example.com,FlexAdmin#1
jqkdbj@example.com,FlexAdmin#1
rlkkyu@example.com,FlexAdmin#1
mmibff@example.com,FlexAdmin#1
rzodhs@example.com,FlexAdmin#1
ybnitx@example.com,FlexAdmin#1
mokrav@example.com,FlexAdmin#1
ttnyqy@example.com,FlexAdmin#1
ronuaq@example.com,FlexAdmin#1
rwnyfx@example.com,FlexAdmin#1
pxlmrb@example.com,FlexAdmin#1
hveahs@example.com,FlexAdmin#1
bvcytn@example.com,FlexAdmin#1
mqjnbt@example.com,FlexAdmin#1
wxvdae@example.com,FlexAdmin#1
amdqlh@example.com,FlexAdmin#1
bbtuag@example.com,FlexAdmin#1
pzwknn@example.com,FlexAdmin#1
kzjngl@example.com,FlexAdmin#1
wlnjjv@example.com,FlexAdmin#1
ppqrmn@example.com,FlexAdmin#1
vqjmyr@example.com,FlexAdmin#1
idljga@example.com,FlexAdmin#1
thlyvp@example.com,FlexAdmin#1
ibjasv@example.com,FlexAdmin#1
ffckxb@example.com,FlexAdmin#1
dmczwb@example.com,FlexAdmin#1
gtxvjf@example.com,FlexAdmin#1
wigjhw@example.com,FlexAdmin#1
lxvmjh@example.com,FlexAdmin#1
bwspac@example.com,FlexAdmin#1
iyqumh@example.com,FlexAdmin#1
fvergq@example.com,FlexAdmin#1
yqiwya@example.com,FlexAdmin#1
ixumym@example.com,FlexAdmin#1
arpkij@example.com,FlexAdmin#1
oavnhr@example.com,FlexAdmin#1
nuxhjq@example.com,FlexAdmin#1
smnkxw@example.com,FlexAdmin#1
igqgnw@example.com,FlexAdmin#1
qtfddo@example.com,FlexAdmin#1
bcuqyr@example.com,FlexAdmin#1
xcfmse@example.com,FlexAdmin#1
gqgwrw@example.com,FlexAdmin#1
ecgjfe@example.com,FlexAdmin#1
xiiriz@example.com,FlexAdmin#1
qetxmc@example.com,FlexAdmin#1
nritpg@example.com,FlexAdmin#1
lthfcd@example.com,FlexAdmin#1
ttkuym@example.com,FlexAdmin#1
nvyatz@example.com,FlexAdmin#1
bnfpkj@example.com,FlexAdmin#1
fmiuvq@example.com,FlexAdmin#1
pidzmf@example.com,FlexAdmin#1
cmjevg@example.com,FlexAdmin#1
knubch@example.com,FlexAdmin#1
ibfnjo@example.com,FlexAdmin#1
etgeet@example.com,FlexAdmin#1
fmefqo@example.com,FlexAdmin#1
jbmsar@example.com,FlexAdmin#1
xfgqll@example.com,FlexAdmin#1
lkhabs@example.com,FlexAdmin#1
avfipd@example.com,FlexAdmin#1
nmxwso@example.com,FlexAdmin#1
ybamfz@example.com,FlexAdmin#1
zrejqt@example.com,FlexAdmin#1
hvozzh@example.com,FlexAdmin#1
hgxlmb@example.com,FlexAdmin#1
htmqlc@example.com,FlexAdmin#1
hbmuqj@example.com,FlexAdmin#1
looxzb@example.com,FlexAdmin#1
jdrnrl@example.com,FlexAdmin#1
ghegjm@example.com,FlexAdmin#1
wfoxsh@example.com,FlexAdmin#1
rxlaqo@example.com,FlexAdmin#1
zdpjcm@example.com,FlexAdmin#1
pzpkpp@example.com,FlexAdmin#1
duptwu@example.com,FlexAdmin#1
feijfo@example.com,FlexAdmin#1
mpcgqb@example.com,FlexAdmin#1
ltlalm@example.com,FlexAdmin#1
mmaxcx@example.com,FlexAdmin#1
xpbslx@example.com,FlexAdmin#1
jnvefx@example.com,FlexAdmin#1
gkibag@example.com,FlexAdmin#1
fophvv@example.com,FlexAdmin#1
oszxfi@example.com,FlexAdmin#1
qewacw@example.com,FlexAdmin#1
urpisn@example.com,FlexAdmin#1
ysqdis@example.com,FlexAdmin#1
pslxji@example.com,FlexAdmin#1
oyjcyr@example.com,FlexAdmin#1
bryzcq@example.com,FlexAdmin#1
ovhsjn@example.com,FlexAdmin#1
ewzitx@example.com,FlexAdmin#1
bzaepl@example.com,FlexAdmin#1
jgzvgd@example.com,FlexAdmin#1
dzbntv@example.com,FlexAdmin#1
wvmsxy@example.com,FlexAdmin#1
ypbpoj@example.com,FlexAdmin#1
wugzzq@example.com,FlexAdmin#1
zldpji@example.com,FlexAdmin#1
ytrwsb@example.com,FlexAdmin#1
ulzead@example.com,FlexAdmin#1
lebqgm@example.com,FlexAdmin#1
glmgtl@example.com,FlexAdmin#1
gjssxo@example.com,FlexAdmin#1
wjdivh@example.com,FlexAdmin#1
ygssyg@example.com,FlexAdmin#1
mymdha@example.com,FlexAdmin#1
qgmmtq@example.com,FlexAdmin#1
uvuzdt@example.com,FlexAdmin#1
wkkdss@example.com,FlexAdmin#1
bovgqk@example.com,FlexAdmin#1
msopid@example.com,FlexAdmin#1
dnfdjw@example.com,FlexAdmin#1
qektmf@example.com,FlexAdmin#1
klmqtv@example.com,FlexAdmin#1
xzbfoz@example.com,FlexAdmin#1
lcgzoj@example.com,FlexAdmin#1
sntxoe@example.com,FlexAdmin#1
xfzzfb@example.com,FlexAdmin#1
wlzlqy@example.com,FlexAdmin#1
ytfiya@example.com,FlexAdmin#1
uurcad@example.com,FlexAdmin#1
dxdzxc@example.com,FlexAdmin#1
oaevgb@example.com,FlexAdmin#1
mqdftd@example.com,FlexAdmin#1
pqbaug@example.com,FlexAdmin#1
wocpbr@example.com,FlexAdmin#1
trvfvf@example.com,FlexAdmin#1
emvbtj@example.com,FlexAdmin#1
fpawfh@example.com,FlexAdmin#1
azntto@example.com,FlexAdmin#1
mfposl@example.com,FlexAdmin#1
ulgswt@example.com,FlexAdmin#1
knatnt@example.com,FlexAdmin#1
tbcdml@example.com,FlexAdmin#1
pcnzgz@example.com,FlexAdmin#1
tuscxw@example.com,FlexAdmin#1
dcntry@example.com,FlexAdmin#1
ujphmb@example.com,FlexAdmin#1
djkiva@example.com,FlexAdmin#1
yljmna@example.com,FlexAdmin#1
iuhvce@example.com,FlexAdmin#1
dohdmc@example.com,FlexAdmin#1
snytgp@example.com,FlexAdmin#1
kkzpow@example.com,FlexAdmin#1
rrygfo@example.com,FlexAdmin#1
iniauo@example.com,FlexAdmin#1
ginclg@example.com,FlexAdmin#1
uvbgyu@example.com,FlexAdmin#1
lohkbf@example.com,FlexAdmin#1
ivbait@example.com,FlexAdmin#1
ukqawk@example.com,FlexAdmin#1
icypmu@example.com,FlexAdmin#1
yvabte@example.com,FlexAdmin#1
neghgs@example.com,FlexAdmin#1
uwfonf@example.com,FlexAdmin#1
pdrfae@example.com,FlexAdmin#1
yxeiex@example.com,FlexAdmin#1
bnbyop@example.com,FlexAdmin#1
ukefhd@example.com,FlexAdmin#1
jlivkh@example.com,FlexAdmin#1
jyxzjj@example.com,FlexAdmin#1
thicui@example.com,FlexAdmin#1
flblna@example.com,FlexAdmin#1
ioxrbd@example.com,FlexAdmin#1
drxpdw@example.com,FlexAdmin#1
cfznxs@example.com,FlexAdmin#1
alrhgn@example.com,FlexAdmin#1
zptvea@example.com,FlexAdmin#1
mjitiz@example.com,FlexAdmin#1
wwlpks@example.com,FlexAdmin#1
hghsta@example.com,FlexAdmin#1
zesmyx@example.com,FlexAdmin#1
erzozk@example.com,FlexAdmin#1
orlgad@example.com,FlexAdmin#1
aumcjd@example.com,FlexAdmin#1
etmmzj@example.com,FlexAdmin#1
fupfjy@example.com,FlexAdmin#1
iklwuq@example.com,FlexAdmin#1
isdnmn@example.com,FlexAdmin#1
ykyomi@example.com,FlexAdmin#1
qjidii@example.com,FlexAdmin#1
vkbzvm@example.com,FlexAdmin#1
okwpyt@example.com,FlexAdmin#1
ffozzv@example.com,FlexAdmin#1
wkjags@example.com,FlexAdmin#1
dykolt@example.com,FlexAdmin#1
bywgay@example.com,FlexAdmin#1
foajay@example.com,FlexAdmin#1
bghiuy@example.com,FlexAdmin#1
flobin@example.com,FlexAdmin#1
jadegv@example.com,FlexAdmin#1
ijdilc@example.com,FlexAdmin#1
tsasbg@example.com,FlexAdmin#1
jgazxy@example.com,FlexAdmin#1
doxndb@example.com,FlexAdmin#1
iotesw@example.com,FlexAdmin#1
xircqk@example.com,FlexAdmin#1
phcwvi@example.com,FlexAdmin#1
ejzdii@example.com,FlexAdmin#1
fxaaug@example.com,FlexAdmin#1
rfafmb@example.com,FlexAdmin#1
fxuqwv@example.com,FlexAdmin#1
qesblp@example.com,FlexAdmin#1
ourlxq@example.com,FlexAdmin#1
tlvdfx@example.com,FlexAdmin#1
tzlsnp@example.com,FlexAdmin#1
wnlywt@example.com,FlexAdmin#1
boeujx@example.com,FlexAdmin#1
esjtlt@example.com,FlexAdmin#1
ccfjhf@example.com,FlexAdmin#1
vzipat@example.com,FlexAdmin#1
jcnkzd@example.com,FlexAdmin#1
honwol@example.com,FlexAdmin#1
wzomdv@example.com,FlexAdmin#1
sefpvq@example.com,FlexAdmin#1
pmdcxy@example.com,FlexAdmin#1
egczwm@example.com,FlexAdmin#1
myzdhg@example.com,FlexAdmin#1
ggwsnk@example.com,FlexAdmin#1
aeyfyq@example.com,FlexAdmin#1
emsvcf@example.com,FlexAdmin#1
crqarp@example.com,FlexAdmin#1
pabnut@example.com,FlexAdmin#1
fvlhjt@example.com,FlexAdmin#1
lltjae@example.com,FlexAdmin#1
mynisz@example.com,FlexAdmin#1
hogxkx@example.com,FlexAdmin#1
woebze@example.com,FlexAdmin#1
qsicib@example.com,FlexAdmin#1
ocerfm@example.com,FlexAdmin#1
hpdnua@example.com,FlexAdmin#1
jiskll@example.com,FlexAdmin#1
wbbzue@example.com,FlexAdmin#1
oiunlg@example.com,FlexAdmin#1
ubqljp@example.com,FlexAdmin#1
sfjvov@example.com,FlexAdmin#1
jdxcsp@example.com,FlexAdmin#1
jqdkxp@example.com,FlexAdmin#1
zfyiru@example.com,FlexAdmin#1
lftflu@example.com,FlexAdmin#1
mappxa@example.com,FlexAdmin#1
vlwizv@example.com,FlexAdmin#1
vxmlzv@example.com,FlexAdmin#1
mjrulu@example.com,FlexAdmin#1
gojyug@example.com,FlexAdmin#1
zhigog@example.com,FlexAdmin#1
amenvd@example.com,FlexAdmin#1
tiblvy@example.com,FlexAdmin#1
stfitj@example.com,FlexAdmin#1
oxljjj@example.com,FlexAdmin#1
pdhklk@example.com,FlexAdmin#1
ezmpip@example.com,FlexAdmin#1
odhgec@example.com,FlexAdmin#1
rudwpv@example.com,FlexAdmin#1
byaior@example.com,FlexAdmin#1
euztoz@example.com,FlexAdmin#1
jpjiup@example.com,FlexAdmin#1
lfqhmn@example.com,FlexAdmin#1
tarojy@example.com,FlexAdmin#1
gyjcyv@example.com,FlexAdmin#1
ybqhap@example.com,FlexAdmin#1
fzqwga@example.com,FlexAdmin#1
deqkap@example.com,FlexAdmin#1
cjszzb@example.com,FlexAdmin#1
bxuldh@example.com,FlexAdmin#1
lqstda@example.com,FlexAdmin#1
pvqdgf@example.com,FlexAdmin#1
isjqxw@example.com,FlexAdmin#1
ppivur@example.com,FlexAdmin#1
panxxh@example.com,FlexAdmin#1
ynbhmi@example.com,FlexAdmin#1
yufvbt@example.com,FlexAdmin#1
xsxkce@example.com,FlexAdmin#1
waxohl@example.com,FlexAdmin#1
sgbwfv@example.com,FlexAdmin#1
lcdspt@example.com,FlexAdmin#1
zpkniw@example.com,FlexAdmin#1
zcemzs@example.com,FlexAdmin#1
sdwssv@example.com,FlexAdmin#1
uoejxa@example.com,FlexAdmin#1
fyaffr@example.com,FlexAdmin#1
uiwcll@example.com,FlexAdmin#1
wvvqrq@example.com,FlexAdmin#1
wmiotd@example.com,FlexAdmin#1
llabug@example.com,FlexAdmin#1
hslrgf@example.com,FlexAdmin#1
ifgoqi@example.com,FlexAdmin#1
ktfxhe@example.com,FlexAdmin#1
coogno@example.com,FlexAdmin#1
ywvnuf@example.com,FlexAdmin#1
mjolzm@example.com,FlexAdmin#1
xwkzjq@example.com,FlexAdmin#1
jradjp@example.com,FlexAdmin#1
nsbxzu@example.com,FlexAdmin#1
hgshxa@example.com,FlexAdmin#1
kvwkya@example.com,FlexAdmin#1
yvonte@example.com,FlexAdmin#1
ibsnov@example.com,FlexAdmin#1
zclcyg@example.com,FlexAdmin#1
mpgauw@example.com,FlexAdmin#1
aymdtf@example.com,FlexAdmin#1
mkqzwo@example.com,FlexAdmin#1
jmnybg@example.com,FlexAdmin#1
wfrein@example.com,FlexAdmin#1
rqltph@example.com,FlexAdmin#1
arnilp@example.com,FlexAdmin#1
uffxop@example.com,FlexAdmin#1
ffzoev@example.com,FlexAdmin#1
hcoyhu@example.com,FlexAdmin#1
xczogn@example.com,FlexAdmin#1
vidnnq@example.com,FlexAdmin#1
xbsjeb@example.com,FlexAdmin#1
jvxodr@example.com,FlexAdmin#1
epzkuc@example.com,FlexAdmin#1
tfysrx@example.com,FlexAdmin#1
xtgfba@example.com,FlexAdmin#1
yvbmvi@example.com,FlexAdmin#1
wkzagb@example.com,FlexAdmin#1
nyyhkk@example.com,FlexAdmin#1
tmqyay@example.com,FlexAdmin#1
clrcnq@example.com,FlexAdmin#1
fbvfoq@example.com,FlexAdmin#1
jhjopk@example.com,FlexAdmin#1
acrtel@example.com,FlexAdmin#1
ntfssm@example.com,FlexAdmin#1
mbfwxt@example.com,FlexAdmin#1
fzoyrr@example.com,FlexAdmin#1
twynqm@example.com,FlexAdmin#1
pxjhsp@example.com,FlexAdmin#1
saxbpl@example.com,FlexAdmin#1
yupodr@example.com,FlexAdmin#1
lnwdub@example.com,FlexAdmin#1
ymuhcn@example.com,FlexAdmin#1
fkvwiy@example.com,FlexAdmin#1
htonqs@example.com,FlexAdmin#1
hkckrg@example.com,FlexAdmin#1
sfuwva@example.com,FlexAdmin#1
nkfnrb@example.com,FlexAdmin#1
ufbkfi@example.com,FlexAdmin#1
ehzzda@example.com,FlexAdmin#1
jiicoh@example.com,FlexAdmin#1
uqxojk@example.com,FlexAdmin#1
eehbzi@example.com,FlexAdmin#1
codvum@example.com,FlexAdmin#1
wmelnl@example.com,FlexAdmin#1
isbmto@example.com,FlexAdmin#1
srgwhs@example.com,FlexAdmin#1
mndthn@example.com,FlexAdmin#1
qusspb@example.com,FlexAdmin#1
lszxxj@example.com,FlexAdmin#1
arpnrw@example.com,FlexAdmin#1
dguqsw@example.com,FlexAdmin#1
bnrnmv@example.com,FlexAdmin#1
nzvjpe@example.com,FlexAdmin#1
uryitt@example.com,FlexAdmin#1
oevidk@example.com,FlexAdmin#1
uirdyu@example.com,FlexAdmin#1
bgssef@example.com,FlexAdmin#1
vzmmtj@example.com,FlexAdmin#1
lekwjc@example.com,FlexAdmin#1
iqtiak@example.com,FlexAdmin#1
uesdtp@example.com,FlexAdmin#1
bawiym@example.com,FlexAdmin#1
dtlfpx@example.com,FlexAdmin#1
gfqpol@example.com,FlexAdmin#1
qpugjc@example.com,FlexAdmin#1
zwroct@example.com,FlexAdmin#1
enbacu@example.com,FlexAdmin#1
jtuiul@example.com,FlexAdmin#1
hmyudo@example.com,FlexAdmin#1
tqrdwg@example.com,FlexAdmin#1
yhkyhz@example.com,FlexAdmin#1
nnqwkc@example.com,FlexAdmin#1
ltoazm@example.com,FlexAdmin#1
hlddtk@example.com,FlexAdmin#1
lalqdn@example.com,FlexAdmin#1
unzntg@example.com,FlexAdmin#1
lyfwff@example.com,FlexAdmin#1
wcygyx@example.com,FlexAdmin#1
eqfuto@example.com,FlexAdmin#1
mvqikr@example.com,FlexAdmin#1
iafigt@example.com,FlexAdmin#1
ozctsj@example.com,FlexAdmin#1
yjfknb@example.com,FlexAdmin#1
vnbmqu@example.com,FlexAdmin#1
cozrcz@example.com,FlexAdmin#1
snwutu@example.com,FlexAdmin#1
flkkzf@example.com,FlexAdmin#1
igcemi@example.com,FlexAdmin#1
yemuud@example.com,FlexAdmin#1
yfpwfa@example.com,FlexAdmin#1
uhhgui@example.com,FlexAdmin#1
ucqjrj@example.com,FlexAdmin#1
roepbm@example.com,FlexAdmin#1
vhqifo@example.com,FlexAdmin#1
xzrbxl@example.com,FlexAdmin#1
yytnfz@example.com,FlexAdmin#1
wfoikf@example.com,FlexAdmin#1
qmogal@example.com,FlexAdmin#1
aaqpye@example.com,FlexAdmin#1
jrlmsi@example.com,FlexAdmin#1
dmmtbg@example.com,FlexAdmin#1
necjim@example.com,FlexAdmin#1
gsjsjk@example.com,FlexAdmin#1
ugekrs@example.com,FlexAdmin#1
gvkfkz@example.com,FlexAdmin#1
uikxzk@example.com,FlexAdmin#1
csieua@example.com,FlexAdmin#1
xynetu@example.com,FlexAdmin#1
cpgugw@example.com,FlexAdmin#1
jmzikz@example.com,FlexAdmin#1
jzshbv@example.com,FlexAdmin#1
jkgxwz@example.com,FlexAdmin#1
olztjd@example.com,FlexAdmin#1
qtxtbb@example.com,FlexAdmin#1
qkkqcp@example.com,FlexAdmin#1
qsradt@example.com,FlexAdmin#1
zasqin@example.com,FlexAdmin#1
xjzefn@example.com,FlexAdmin#1
zcyeqf@example.com,FlexAdmin#1
sdtssw@example.com,FlexAdmin#1
wfyffd@example.com,FlexAdmin#1
pwrufr@example.com,FlexAdmin#1
iukiwi@example.com,FlexAdmin#1
gfkvkp@example.com,FlexAdmin#1
sqncoa@example.com,FlexAdmin#1
vghmdl@example.com,FlexAdmin#1
ukjacy@example.com,FlexAdmin#1
vazfrx@example.com,FlexAdmin#1
ujdheq@example.com,FlexAdmin#1
kqlcpo@example.com,FlexAdmin#1
btypjb@example.com,FlexAdmin#1
bkeerf@example.com,FlexAdmin#1
wnsexk@example.com,FlexAdmin#1
hvrqme@example.com,FlexAdmin#1
xfnnsz@example.com,FlexAdmin#1
nkugtb@example.com,FlexAdmin#1
qcnntq@example.com,FlexAdmin#1
dlihkr@example.com,FlexAdmin#1
yidecn@example.com,FlexAdmin#1
wtpadz@example.com,FlexAdmin#1
fwcxay@example.com,FlexAdmin#1
mtdswr@example.com,FlexAdmin#1
jxwcbx@example.com,FlexAdmin#1
ejixxx@example.com,FlexAdmin#1
jirlgj@example.com,FlexAdmin#1
jvdewf@example.com,FlexAdmin#1
lmexnb@example.com,FlexAdmin#1
oybvwh@example.com,FlexAdmin#1
mjbnzx@example.com,FlexAdmin#1
djxntl@example.com,FlexAdmin#1
ifwobl@example.com,FlexAdmin#1
voutlh@example.com,FlexAdmin#1
oguaei@example.com,FlexAdmin#1
mjgxpt@example.com,FlexAdmin#1
vtrzas@example.com,FlexAdmin#1
fbmruu@example.com,FlexAdmin#1
jdweos@example.com,FlexAdmin#1
kjsfqs@example.com,FlexAdmin#1
oorlna@example.com,FlexAdmin#1
wowshw@example.com,FlexAdmin#1
tspcnc@example.com,FlexAdmin#1
zqmnzr@example.com,FlexAdmin#1
vwbnuu@example.com,FlexAdmin#1
flnckg@example.com,FlexAdmin#1
fjsnfe@example.com,FlexAdmin#1
wkqpmx@example.com,FlexAdmin#1
phkrkb@example.com,FlexAdmin#1
bqkwcv@example.com,FlexAdmin#1
frmmtj@example.com,FlexAdmin#1
rhtsvh@example.com,FlexAdmin#1
kasaph@example.com,FlexAdmin#1
zynoup@example.com,FlexAdmin#1
jymhrz@example.com,FlexAdmin#1
aukqet@example.com,FlexAdmin#1
eomjln@example.com,FlexAdmin#1
ybckkl@example.com,FlexAdmin#1
yigyzw@example.com,FlexAdmin#1
mezgan@example.com,FlexAdmin#1
beewds@example.com,FlexAdmin#1
mnbftv@example.com,FlexAdmin#1
gjydtq@example.com,FlexAdmin#1
leqmie@example.com,FlexAdmin#1
omctrs@example.com,FlexAdmin#1
hgjoyc@example.com,FlexAdmin#1
nfguuj@example.com,FlexAdmin#1
wfwgqu@example.com,FlexAdmin#1
yurxlp@example.com,FlexAdmin#1
vharpw@example.com,FlexAdmin#1
duqrbg@example.com,FlexAdmin#1
fdorte@example.com,FlexAdmin#1
kdhngi@example.com,FlexAdmin#1
fmqqmn@example.com,FlexAdmin#1
lvmgfe@example.com,FlexAdmin#1
rohdcn@example.com,FlexAdmin#1
kmamun@example.com,FlexAdmin#1
fynhqn@example.com,FlexAdmin#1
mzxvpx@example.com,FlexAdmin#1
uaonps@example.com,FlexAdmin#1
bzlnip@example.com,FlexAdmin#1
uqurhd@example.com,FlexAdmin#1
ykwjox@example.com,FlexAdmin#1
veqcth@example.com,FlexAdmin#1
tgviyy@example.com,FlexAdmin#1
mmnmhj@example.com,FlexAdmin#1
iuodbe@example.com,FlexAdmin#1
xkfrmf@example.com,FlexAdmin#1
bkkvlo@example.com,FlexAdmin#1
dfggxu@example.com,FlexAdmin#1
pupazn@example.com,FlexAdmin#1
rdnarm@example.com,FlexAdmin#1
ewqfyt@example.com,FlexAdmin#1
cfpnss@example.com,FlexAdmin#1
zkixyy@example.com,FlexAdmin#1
kogjxu@example.com,FlexAdmin#1
nrucuq@example.com,FlexAdmin#1
qmmwhs@example.com,FlexAdmin#1
rgbtye@example.com,FlexAdmin#1
ghyale@example.com,FlexAdmin#1
cetxda@example.com,FlexAdmin#1
mksdfx@example.com,FlexAdmin#1
mgymki@example.com,FlexAdmin#1
cbazyi@example.com,FlexAdmin#1
vuzhsj@example.com,FlexAdmin#1
iecaho@example.com,FlexAdmin#1
uttoub@example.com,FlexAdmin#1
mrtxxs@example.com,FlexAdmin#1
piuqop@example.com,FlexAdmin#1
pemrrr@example.com,FlexAdmin#1
omtdoo@example.com,FlexAdmin#1
xyhndp@example.com,FlexAdmin#1
lbmhcz@example.com,FlexAdmin#1
xhjmwx@example.com,FlexAdmin#1
rdgkws@example.com,FlexAdmin#1
zfatva@example.com,FlexAdmin#1
ivjiho@example.com,FlexAdmin#1
zmpdxa@example.com,FlexAdmin#1
ukopuf@example.com,FlexAdmin#1
uscwdz@example.com,FlexAdmin#1
scymal@example.com,FlexAdmin#1
zsfzeu@example.com,FlexAdmin#1
ahwgol@example.com,FlexAdmin#1
jfcljf@example.com,FlexAdmin#1
dkmcgh@example.com,FlexAdmin#1
jzudxr@example.com,FlexAdmin#1
ebruec@example.com,FlexAdmin#1
lxorsj@example.com,FlexAdmin#1
ezoanu@example.com,FlexAdmin#1
dnuxtq@example.com,FlexAdmin#1
egdkov@example.com,FlexAdmin#1
acuizq@example.com,FlexAdmin#1
zmqdvu@example.com,FlexAdmin#1
tquzfy@example.com,FlexAdmin#1
xrmgkp@example.com,FlexAdmin#1
nohgog@example.com,FlexAdmin#1
innlwo@example.com,FlexAdmin#1
omewzb@example.com,FlexAdmin#1
ihfeja@example.com,FlexAdmin#1
wtzcoh@example.com,FlexAdmin#1
pobzth@example.com,FlexAdmin#1
vtciqd@example.com,FlexAdmin#1
hfgeun@example.com,FlexAdmin#1
egdeye@example.com,FlexAdmin#1
ycbpgm@example.com,FlexAdmin#1
wsirdp@example.com,FlexAdmin#1
sxfzrh@example.com,FlexAdmin#1
kyxgkk@example.com,FlexAdmin#1
fclhpp@example.com,FlexAdmin#1
ixdbcs@example.com,FlexAdmin#1
yihpic@example.com,FlexAdmin#1
eyjowt@example.com,FlexAdmin#1
gqbuxi@example.com,FlexAdmin#1
quwltw@example.com,FlexAdmin#1
fpfaae@example.com,FlexAdmin#1
zogpln@example.com,FlexAdmin#1
odgwhf@example.com,FlexAdmin#1
akhpgm@example.com,FlexAdmin#1
tiadxe@example.com,FlexAdmin#1
pnelwo@example.com,FlexAdmin#1
tsyzdn@example.com,FlexAdmin#1
hkrgqq@example.com,FlexAdmin#1
mzztbt@example.com,FlexAdmin#1
yjiitl@example.com,FlexAdmin#1
jrxvoo@example.com,FlexAdmin#1
dwtjgd@example.com,FlexAdmin#1
vokskq@example.com,FlexAdmin#1
mcjapz@example.com,FlexAdmin#1
ywrpxw@example.com,FlexAdmin#1
itdqlz@example.com,FlexAdmin#1
fevwyh@example.com,FlexAdmin#1
fmkdhb@example.com,FlexAdmin#1
nnmsdj@example.com,FlexAdmin#1
kmmghw@example.com,FlexAdmin#1
mefnhk@example.com,FlexAdmin#1
zgksao@example.com,FlexAdmin#1
dcwpkg@example.com,FlexAdmin#1
zdhjmj@example.com,FlexAdmin#1
bbcjco@example.com,FlexAdmin#1
ucuqvr@example.com,FlexAdmin#1
ptwhqw@example.com,FlexAdmin#1
oibewr@example.com,FlexAdmin#1
gskxru@example.com,FlexAdmin#1
mzdpsq@example.com,FlexAdmin#1
kgykyw@example.com,FlexAdmin#1
ruooiy@example.com,FlexAdmin#1
djfcvl@example.com,FlexAdmin#1
yqgals@example.com,FlexAdmin#1
tlgiuq@example.com,FlexAdmin#1
zkytye@example.com,FlexAdmin#1
zuhely@example.com,FlexAdmin#1
clsyzd@example.com,FlexAdmin#1
ttulug@example.com,FlexAdmin#1
bkvecz@example.com,FlexAdmin#1
ozbzvg@example.com,FlexAdmin#1
oxhlzj@example.com,FlexAdmin#1
gwwlhf@example.com,FlexAdmin#1
cjbnok@example.com,FlexAdmin#1
pzxpfj@example.com,FlexAdmin#1
vwqcin@example.com,FlexAdmin#1
wpnhro@example.com,FlexAdmin#1
xtscem@example.com,FlexAdmin#1
edmapz@example.com,FlexAdmin#1
gppygh@example.com,FlexAdmin#1
hfgfqy@example.com,FlexAdmin#1
esbtnp@example.com,FlexAdmin#1
gekktu@example.com,FlexAdmin#1
adkzed@example.com,FlexAdmin#1
nesmls@example.com,FlexAdmin#1
ggmanj@example.com,FlexAdmin#1
uxfnqu@example.com,FlexAdmin#1
cgipee@example.com,FlexAdmin#1
aqejzi@example.com,FlexAdmin#1
njbpvw@example.com,FlexAdmin#1
cmgjvg@example.com,FlexAdmin#1
eentzi@example.com,FlexAdmin#1
kgbfhe@example.com,FlexAdmin#1
qpxmot@example.com,FlexAdmin#1
mtuzad@example.com,FlexAdmin#1
dabulb@example.com,FlexAdmin#1
enkljs@example.com,FlexAdmin#1
pnylmt@example.com,FlexAdmin#1
qcpswk@example.com,FlexAdmin#1
mgeyiu@example.com,FlexAdmin#1
fiehdf@example.com,FlexAdmin#1
vkgdfy@example.com,FlexAdmin#1
yfehex@example.com,FlexAdmin#1
stevwj@example.com,FlexAdmin#1
oaplij@example.com,FlexAdmin#1
kbbfkm@example.com,FlexAdmin#1
uzwysh@example.com,FlexAdmin#1
fdtksd@example.com,FlexAdmin#1
iuqbcv@example.com,FlexAdmin#1
ivvgsn@example.com,FlexAdmin#1
nmfsso@example.com,FlexAdmin#1
xxwlrs@example.com,FlexAdmin#1
vixevi@example.com,FlexAdmin#1
cpwvla@example.com,FlexAdmin#1
tjnkmu@example.com,FlexAdmin#1
ptphry@example.com,FlexAdmin#1
rbpvjs@example.com,FlexAdmin#1
lghzrd@example.com,FlexAdmin#1
pvpmch@example.com,FlexAdmin#1
amayhc@example.com,FlexAdmin#1
kxhrjy@example.com,FlexAdmin#1
ylcjqg@example.com,FlexAdmin#1
npknji@example.com,FlexAdmin#1
zroscl@example.com,FlexAdmin#1
wwesyo@example.com,FlexAdmin#1
jynmgj@example.com,FlexAdmin#1
bwgwyj@example.com,FlexAdmin#1
gryjlo@example.com,FlexAdmin#1
oswoyu@example.com,FlexAdmin#1
inzjhn@example.com,FlexAdmin#1
wafusg@example.com,FlexAdmin#1
zjcuke@example.com,FlexAdmin#1
hwsuwp@example.com,FlexAdmin#1
ccxuvi@example.com,FlexAdmin#1
fywfvq@example.com,FlexAdmin#1
owzzhx@example.com,FlexAdmin#1
brficj@example.com,FlexAdmin#1
vvbwux@example.com,FlexAdmin#1
kqaiau@example.com,FlexAdmin#1
qtvlvv@example.com,FlexAdmin#1
odrfqy@example.com,FlexAdmin#1
uzpslt@example.com,FlexAdmin#1
pztfmx@example.com,FlexAdmin#1
cnjuhb@example.com,FlexAdmin#1
ecqbbz@example.com,FlexAdmin#1
jikjsq@example.com,FlexAdmin#1
bjivhr@example.com,FlexAdmin#1
llaekm@example.com,FlexAdmin#1
gjdajh@example.com,FlexAdmin#1
yxwwkd@example.com,FlexAdmin#1
zmndvu@example.com,FlexAdmin#1
rlibvc@example.com,FlexAdmin#1
otdsbq@example.com,FlexAdmin#1
fxgnuh@example.com,FlexAdmin#1
zsezco@example.com,FlexAdmin#1
hnefzz@example.com,FlexAdmin#1
cvuutk@example.com,FlexAdmin#1
gsajou@example.com,FlexAdmin#1
iqvjfz@example.com,FlexAdmin#1
nosvro@example.com,FlexAdmin#1
qeolbg@example.com,FlexAdmin#1
hwznou@example.com,FlexAdmin#1
wxddrz@example.com,FlexAdmin#1
ghvwqd@example.com,FlexAdmin#1
wfwimx@example.com,FlexAdmin#1
vijsqx@example.com,FlexAdmin#1
izcfti@example.com,FlexAdmin#1
kiwkjp@example.com,FlexAdmin#1
kucsnp@example.com,FlexAdmin#1
edauuk@example.com,FlexAdmin#1
pmbchx@example.com,FlexAdmin#1
tfnuma@example.com,FlexAdmin#1
xkunap@example.com,FlexAdmin#1
axsliv@example.com,FlexAdmin#1
rtcfxv@example.com,FlexAdmin#1
yoyckc@example.com,FlexAdmin#1
jjrooe@example.com,FlexAdmin#1
wlbixa@example.com,FlexAdmin#1
upuscg@example.com,FlexAdmin#1
zoreow@example.com,FlexAdmin#1
pbkrak@example.com,FlexAdmin#1
agngll@example.com,FlexAdmin#1
jxoblf@example.com,FlexAdmin#1
whjvcg@example.com,FlexAdmin#1
yzbbdv@example.com,FlexAdmin#1
scfclr@example.com,FlexAdmin#1
zwzsoq@example.com,FlexAdmin#1
eamfwq@example.com,FlexAdmin#1
wtidgn@example.com,FlexAdmin#1
suhwmz@example.com,FlexAdmin#1
vlipdv@example.com,FlexAdmin#1
hxfscb@example.com,FlexAdmin#1
ehfkfq@example.com,FlexAdmin#1
gvyyet@example.com,FlexAdmin#1
fabncg@example.com,FlexAdmin#1
uqsbnh@example.com,FlexAdmin#1
baxctb@example.com,FlexAdmin#1
zmxohi@example.com,FlexAdmin#1
rkqcyz@example.com,FlexAdmin#1
fyuggh@example.com,FlexAdmin#1
xxfalf@example.com,FlexAdmin#1
oxlgxc@example.com,FlexAdmin#1
skhslo@example.com,FlexAdmin#1
xdbxgy@example.com,FlexAdmin#1
atxoqq@example.com,FlexAdmin#1
itcukm@example.com,FlexAdmin#1
fkxunk@example.com,FlexAdmin#1